defending_type,expected_defensive_multiplier
steel,0.8571428571428571
ghost,0.9523809523809523
electric,0.9761904761904762
fairy,0.9761904761904762
poison,0.9761904761904762
water,1.0
stellar,1.0
shadow,1.0
fire,1.0
unknown,1.0
normal,1.0
flying,1.0238095238095237
ground,1.0476190476190477
dragon,1.0476190476190477
dark,1.0476190476190477
fighting,1.0714285714285714
bug,1.0714285714285714
psychic,1.0952380952380953
grass,1.1428571428571428
rock,1.1428571428571428
ice,1.1666666666666667
